Time (s),Humidity (%)
0.932858944,10.46484
1.933792114,11.02539
2.932204723,11.68652
3.933137894,11.82324
4.934072018,10.20313
5.932484627,11.07617
6.933418274,11.30078
7.931831837,11.5127
8.932765484,11.10156
9.933700085,10.56543
10.932113647,10.16602
11.933047295,10.12891
12.933981895,11.00195
13.932394981,10.25391
14.933330536,10.81445
15.931743622,10.36621
16.932678223,11.52539
17.933612823,10.83984
18.932026863,10.64063
19.932961464,10.60254
20.933896542,12.03711
21.932310581,11.41309
